seed,model,rep,param,norm
1,GCP-Mamba,0,layers.0.fwd.w_c,0.3288785517215729
1,GCP-Mamba,0,layers.0.bwd.w_c,0.3154026567935943
1,GCP-Mamba,0,layers.1.fwd.w_c,0.1657357215881347
1,GCP-Mamba,0,layers.1.bwd.w_c,0.1513442248106002
1,GCP-Mamba (Delta only),0,layers.0.fwd.w_c,0.7345361113548279
1,GCP-Mamba (Delta only),0,layers.0.bwd.w_c,0.7534157037734985
1,GCP-Mamba (Delta only),0,layers.1.fwd.w_c,1.033083200454712
1,GCP-Mamba (Delta only),0,layers.1.bwd.w_c,0.9600200057029724
1,GCP-Mamba (perm. graph),0,layers.0.fwd.w_c,0.6305751204490662
1,GCP-Mamba (perm. graph),0,layers.0.bwd.w_c,0.744444727897644
1,GCP-Mamba (perm. graph),0,layers.1.fwd.w_c,0.6561707854270935
1,GCP-Mamba (perm. graph),0,layers.1.bwd.w_c,0.5383564829826355
1,GCP-Mamba (random order),0,layers.0.fwd.w_c,0.3997984826564789
1,GCP-Mamba (random order),0,layers.0.bwd.w_c,0.2871800363063812
1,GCP-Mamba (random order),0,layers.1.fwd.w_c,0.4347748458385467
1,GCP-Mamba (random order),0,layers.1.bwd.w_c,0.3087416887283325
1,"GCP-Mamba (Delta only, w_c~N(0,1))",0,layers.0.fwd.w_c,6.706615447998047
1,"GCP-Mamba (Delta only, w_c~N(0,1))",0,layers.0.bwd.w_c,4.923971652984619
1,"GCP-Mamba (Delta only, w_c~N(0,1))",0,layers.1.fwd.w_c,5.728478908538818
1,"GCP-Mamba (Delta only, w_c~N(0,1))",0,layers.1.bwd.w_c,6.746090888977051
1,GCP-Mamba (additive prior),0,layers.0.fwd.w_c,0.0031045447103679
1,GCP-Mamba (additive prior),0,layers.0.bwd.w_c,0.0045977160334587
1,GCP-Mamba (additive prior),0,layers.1.fwd.w_c,0.0069343131035566
1,GCP-Mamba (additive prior),0,layers.1.bwd.w_c,0.0090284841135144
2,GCP-Mamba,0,layers.0.fwd.w_c,0.4217785894870758
2,GCP-Mamba,0,layers.0.bwd.w_c,0.5044021606445312
2,GCP-Mamba,0,layers.1.fwd.w_c,0.4641492366790771
2,GCP-Mamba,0,layers.1.bwd.w_c,0.4512324631214142
2,GCP-Mamba (Delta only),0,layers.0.fwd.w_c,0.3968944549560547
2,GCP-Mamba (Delta only),0,layers.0.bwd.w_c,0.6788387894630432
2,GCP-Mamba (Delta only),0,layers.1.fwd.w_c,0.5575839877128601
2,GCP-Mamba (Delta only),0,layers.1.bwd.w_c,0.4844182431697845
2,GCP-Mamba (perm. graph),0,layers.0.fwd.w_c,0.1237470582127571
2,GCP-Mamba (perm. graph),0,layers.0.bwd.w_c,0.2263156622648239
2,GCP-Mamba (perm. graph),0,layers.1.fwd.w_c,0.2627802491188049
2,GCP-Mamba (perm. graph),0,layers.1.bwd.w_c,0.380212664604187
2,GCP-Mamba (random order),0,layers.0.fwd.w_c,0.1567593961954116
2,GCP-Mamba (random order),0,layers.0.bwd.w_c,0.3658564686775207
2,GCP-Mamba (random order),0,layers.1.fwd.w_c,0.1696511954069137
2,GCP-Mamba (random order),0,layers.1.bwd.w_c,0.4269880950450897
2,"GCP-Mamba (Delta only, w_c~N(0,1))",0,layers.0.fwd.w_c,4.890710830688477
2,"GCP-Mamba (Delta only, w_c~N(0,1))",0,layers.0.bwd.w_c,6.388434886932373
2,"GCP-Mamba (Delta only, w_c~N(0,1))",0,layers.1.fwd.w_c,6.084226608276367
2,"GCP-Mamba (Delta only, w_c~N(0,1))",0,layers.1.bwd.w_c,5.825274467468262
2,GCP-Mamba (additive prior),0,layers.0.fwd.w_c,0.008099821396172
2,GCP-Mamba (additive prior),0,layers.0.bwd.w_c,0.0023267809301614
2,GCP-Mamba (additive prior),0,layers.1.fwd.w_c,0.0067517161369323
2,GCP-Mamba (additive prior),0,layers.1.bwd.w_c,0.0115569764748215
3,GCP-Mamba,0,layers.0.fwd.w_c,0.5362085103988647
3,GCP-Mamba,0,layers.0.bwd.w_c,0.632806658744812
3,GCP-Mamba,0,layers.1.fwd.w_c,0.4677811861038208
3,GCP-Mamba,0,layers.1.bwd.w_c,0.584021806716919
3,GCP-Mamba (Delta only),0,layers.0.fwd.w_c,0.3105247318744659
3,GCP-Mamba (Delta only),0,layers.0.bwd.w_c,0.7297070622444153
3,GCP-Mamba (Delta only),0,layers.1.fwd.w_c,0.2519725859165191
3,GCP-Mamba (Delta only),0,layers.1.bwd.w_c,0.4631053805351257
3,GCP-Mamba (perm. graph),0,layers.0.fwd.w_c,0.2165272235870361
3,GCP-Mamba (perm. graph),0,layers.0.bwd.w_c,0.3301546275615692
3,GCP-Mamba (perm. graph),0,layers.1.fwd.w_c,0.2331902086734771
3,GCP-Mamba (perm. graph),0,layers.1.bwd.w_c,0.1253630518913269
3,GCP-Mamba (random order),0,layers.0.fwd.w_c,0.35997074842453
3,GCP-Mamba (random order),0,layers.0.bwd.w_c,0.5071631669998169
3,GCP-Mamba (random order),0,layers.1.fwd.w_c,0.3039296567440033
3,GCP-Mamba (random order),0,layers.1.bwd.w_c,0.5094171762466431
3,"GCP-Mamba (Delta only, w_c~N(0,1))",0,layers.0.fwd.w_c,6.95165491104126
3,"GCP-Mamba (Delta only, w_c~N(0,1))",0,layers.0.bwd.w_c,5.962779998779297
3,"GCP-Mamba (Delta only, w_c~N(0,1))",0,layers.1.fwd.w_c,5.1749267578125
3,"GCP-Mamba (Delta only, w_c~N(0,1))",0,layers.1.bwd.w_c,4.808698654174805
3,GCP-Mamba (additive prior),0,layers.0.fwd.w_c,0.0094107948243618
3,GCP-Mamba (additive prior),0,layers.0.bwd.w_c,0.0026071059983223
3,GCP-Mamba (additive prior),0,layers.1.fwd.w_c,0.009109903126955
3,GCP-Mamba (additive prior),0,layers.1.bwd.w_c,0.0073310928419232
4,GCP-Mamba,0,layers.0.fwd.w_c,0.7844405770301819
4,GCP-Mamba,0,layers.0.bwd.w_c,0.7860043048858643
4,GCP-Mamba,0,layers.1.fwd.w_c,0.6884088516235352
4,GCP-Mamba,0,layers.1.bwd.w_c,0.6255893707275391
4,GCP-Mamba (Delta only),0,layers.0.fwd.w_c,0.2972923517227173
4,GCP-Mamba (Delta only),0,layers.0.bwd.w_c,0.7982404232025146
4,GCP-Mamba (Delta only),0,layers.1.fwd.w_c,0.230967491865158
4,GCP-Mamba (Delta only),0,layers.1.bwd.w_c,0.5548421144485474
4,GCP-Mamba (perm. graph),0,layers.0.fwd.w_c,0.6482113599777222
4,GCP-Mamba (perm. graph),0,layers.0.bwd.w_c,0.3681467771530151
4,GCP-Mamba (perm. graph),0,layers.1.fwd.w_c,0.437182605266571
4,GCP-Mamba (perm. graph),0,layers.1.bwd.w_c,0.258415013551712
4,GCP-Mamba (random order),0,layers.0.fwd.w_c,0.7426446676254272
4,GCP-Mamba (random order),0,layers.0.bwd.w_c,0.7571397423744202
4,GCP-Mamba (random order),0,layers.1.fwd.w_c,0.633556067943573
4,GCP-Mamba (random order),0,layers.1.bwd.w_c,0.4126966595649719
4,"GCP-Mamba (Delta only, w_c~N(0,1))",0,layers.0.fwd.w_c,6.368094444274902
4,"GCP-Mamba (Delta only, w_c~N(0,1))",0,layers.0.bwd.w_c,6.091183662414551
4,"GCP-Mamba (Delta only, w_c~N(0,1))",0,layers.1.fwd.w_c,5.907103061676025
4,"GCP-Mamba (Delta only, w_c~N(0,1))",0,layers.1.bwd.w_c,3.259509325027466
4,GCP-Mamba (additive prior),0,layers.0.fwd.w_c,0.003564141690731
4,GCP-Mamba (additive prior),0,layers.0.bwd.w_c,0.0030314731411635
4,GCP-Mamba (additive prior),0,layers.1.fwd.w_c,0.0033168208319693
4,GCP-Mamba (additive prior),0,layers.1.bwd.w_c,0.0155010186135768
5,GCP-Mamba,0,layers.0.fwd.w_c,0.0141499917954206
5,GCP-Mamba,0,layers.0.bwd.w_c,0.0118552753701806
5,GCP-Mamba,0,layers.1.fwd.w_c,0.0148114068433642
5,GCP-Mamba,0,layers.1.bwd.w_c,0.011164816096425
5,GCP-Mamba (Delta only),0,layers.0.fwd.w_c,0.0728549137711525
5,GCP-Mamba (Delta only),0,layers.0.bwd.w_c,0.0726342350244522
5,GCP-Mamba (Delta only),0,layers.1.fwd.w_c,0.0658944994211196
5,GCP-Mamba (Delta only),0,layers.1.bwd.w_c,0.0586028806865215
5,GCP-Mamba (perm. graph),0,layers.0.fwd.w_c,0.0173237286508083
5,GCP-Mamba (perm. graph),0,layers.0.bwd.w_c,0.0136941028758883
5,GCP-Mamba (perm. graph),0,layers.1.fwd.w_c,0.0162088796496391
5,GCP-Mamba (perm. graph),0,layers.1.bwd.w_c,0.0095747206360101
5,GCP-Mamba (random order),0,layers.0.fwd.w_c,0.183760404586792
5,GCP-Mamba (random order),0,layers.0.bwd.w_c,0.4013470411300659
5,GCP-Mamba (random order),0,layers.1.fwd.w_c,0.39594367146492
5,GCP-Mamba (random order),0,layers.1.bwd.w_c,0.2261571586132049
5,"GCP-Mamba (Delta only, w_c~N(0,1))",0,layers.0.fwd.w_c,6.793985366821289
5,"GCP-Mamba (Delta only, w_c~N(0,1))",0,layers.0.bwd.w_c,5.709985733032227
5,"GCP-Mamba (Delta only, w_c~N(0,1))",0,layers.1.fwd.w_c,6.160078048706055
5,"GCP-Mamba (Delta only, w_c~N(0,1))",0,layers.1.bwd.w_c,5.384200572967529
5,GCP-Mamba (additive prior),0,layers.0.fwd.w_c,0.0215179827064275
5,GCP-Mamba (additive prior),0,layers.0.bwd.w_c,0.0115819908678531
5,GCP-Mamba (additive prior),0,layers.1.fwd.w_c,0.0207066908478736
5,GCP-Mamba (additive prior),0,layers.1.bwd.w_c,0.008128210902214
