model,L,seconds,peak_mb,failed
gcp-mamba,500,0.14659523963928223,231.40234375,
gcp-mamba,1000,0.2131659984588623,448.31640625,
gcp-mamba,2000,0.49327659606933594,864.94921875,
gcp-mamba,5000,3.0605580806732178,1597.15234375,
gcp-mamba,10000,5.585385799407959,3018.7421875,
gcp-mamba,20000,16.7891845703125,6032.4609375,
attention,500,0.2727358341217041,301.3828125,
attention,1000,1.145512580871582,926.2265625,
attention,2000,5.95091700553894,3533.61328125,
attention,5000,,,True
attention,10000,,,True
attention,20000,,,True
sparse-gnn,500,0.017119646072387695,9.2265625,
sparse-gnn,1000,0.036144256591796875,11.09765625,
sparse-gnn,2000,0.0581212043762207,17.62109375,
sparse-gnn,5000,0.22748923301696777,41.86328125,
sparse-gnn,10000,0.29527902603149414,78.16015625,
sparse-gnn,20000,0.6617310047149658,139.18359375,
