model,subgroup,mean,std
Additive,all,0.6725104575086395,0.0264987742335651
Additive,combo_seen0,0.5818743461536037,0.10199864097982071
Additive,combo_seen1,0.7294414089793346,0.0258087161641556
Additive,combo_seen2,0.9102869468692102,0.008610664533109262
Additive,unseen_single,0.49229265797137334,0.04701908664862643
GCP-Mamba,all,0.5699627339224216,0.06278902559736711
GCP-Mamba,combo_seen0,0.5298778861761093,0.12229032794530018
GCP-Mamba,combo_seen1,0.6106953054383906,0.06936121072491301
GCP-Mamba,combo_seen2,0.7558714943235381,0.08490359101403736
GCP-Mamba,unseen_single,0.43405696537110117,0.06011838619556303
GCP-Mamba (Delta only),all,0.5915030751475046,0.020458737258770614
GCP-Mamba (Delta only),combo_seen0,0.5764382320973608,0.1053427132898599
GCP-Mamba (Delta only),combo_seen1,0.6394930374707813,0.021484928860622657
GCP-Mamba (Delta only),combo_seen2,0.7668538183627421,0.05060445296435056
GCP-Mamba (Delta only),unseen_single,0.44682126615035556,0.026530806292841526
"GCP-Mamba (Delta only, w_c~N(0,1))",all,0.5918547384583348,0.016219635648802518
"GCP-Mamba (Delta only, w_c~N(0,1))",combo_seen0,0.5766455550988515,0.10898475760133586
"GCP-Mamba (Delta only, w_c~N(0,1))",combo_seen1,0.6426841563243939,0.013969109158946849
"GCP-Mamba (Delta only, w_c~N(0,1))",combo_seen2,0.7820703861004079,0.03509338301677012
"GCP-Mamba (Delta only, w_c~N(0,1))",unseen_single,0.4362929593888281,0.02920684907419718
GCP-Mamba (additive prior),all,0.6693960821319127,0.02641298371302706
GCP-Mamba (additive prior),combo_seen0,0.5842084096537696,0.1031767104940679
GCP-Mamba (additive prior),combo_seen1,0.7315829899617908,0.028801527140286515
GCP-Mamba (additive prior),combo_seen2,0.9099619524259316,0.008082900770587386
GCP-Mamba (additive prior),unseen_single,0.4798395220787136,0.04368048366787699
GCP-Mamba (perm. graph),all,0.5795285956868312,0.029117960989186814
GCP-Mamba (perm. graph),combo_seen0,0.573444935017162,0.11304879120942837
GCP-Mamba (perm. graph),combo_seen1,0.6202677458324267,0.038410675843005254
GCP-Mamba (perm. graph),combo_seen2,0.752758722368911,0.07056799814095806
GCP-Mamba (perm. graph),unseen_single,0.44250897205039796,0.028302807330399596
GCP-Mamba (random order),all,0.590900261997468,0.02925906293174304
GCP-Mamba (random order),combo_seen0,0.5754903972562817,0.1290832717863256
GCP-Mamba (random order),combo_seen1,0.63864300865284,0.03332741983016744
GCP-Mamba (random order),combo_seen2,0.7701907455834032,0.045729021439895955
GCP-Mamba (random order),unseen_single,0.4444889145182903,0.03065437942887123
Graph-MLP (no scan),all,0.5764406870628529,0.03135390336577844
Graph-MLP (no scan),combo_seen0,0.5439634279244476,0.12062956888767114
Graph-MLP (no scan),combo_seen1,0.6249229681761866,0.04088302222216347
Graph-MLP (no scan),combo_seen2,0.739232310796516,0.06750252564770089
Graph-MLP (no scan),unseen_single,0.44052515598233744,0.008459429862948656
Linear (PCA),all,0.5652857980363006,0.03556132026563995
Linear (PCA),combo_seen0,0.5129452951946576,0.10359058474753206
Linear (PCA),combo_seen1,0.5982497740276256,0.02531045323752075
Linear (PCA),combo_seen2,0.7263491317771804,0.03396717284027613
Linear (PCA),unseen_single,0.4475878695113947,0.0714010745098065
Linear (ctrl emb.),all,0.543055833441257,0.05194303025404432
Linear (ctrl emb.),combo_seen0,0.5426454330904218,0.09736854940071672
Linear (ctrl emb.),combo_seen1,0.5647000071242597,0.06828521701071047
Linear (ctrl emb.),combo_seen2,0.6581895510992236,0.05033397409378854
Linear (ctrl emb.),unseen_single,0.45687132087072974,0.07201123231752052
Mamba (additive prior),all,0.6651547461182182,0.026921561995022106
Mamba (additive prior),combo_seen0,0.5774778549869855,0.10668658202882104
Mamba (additive prior),combo_seen1,0.7322500994598948,0.032928387305757666
Mamba (additive prior),combo_seen2,0.9083323552202411,0.008194674737486075
Mamba (additive prior),unseen_single,0.46780776008540476,0.03889129804162471
Mamba (no graph),all,0.5966449648336282,0.018229061531968595
Mamba (no graph),combo_seen0,0.5890853099524975,0.11464691791671898
Mamba (no graph),combo_seen1,0.6481700965360215,0.015572507513089274
Mamba (no graph),combo_seen2,0.7880564510778726,0.03452094331562934
Mamba (no graph),unseen_single,0.4376231577623047,0.03308264922083324
No change,all,,
No change,combo_seen0,,
No change,combo_seen1,,
No change,combo_seen2,,
No change,unseen_single,,
Train mean,all,0.5267595845142475,0.03464718457367719
Train mean,combo_seen0,0.5731703072786332,0.08280558716814371
Train mean,combo_seen1,0.5433828110508594,0.04049360360043707
Train mean,combo_seen2,0.5705116154680475,0.032582705914468595
Train mean,unseen_single,0.4753251939883367,0.048957013285502025
