metric,subgroup,model_a,model_b,n,median_diff,p,p_holm
mse_de20,all,GCP-Mamba,No change,561,-0.1791009493172169,7.237248905497441e-82,9.408423577146673e-81
mse_de20,all,GCP-Mamba,Train mean,561,-0.06432533264160178,7.57656556266078e-50,9.091878675192936e-49
mse_de20,all,GCP-Mamba,Additive,561,0.017476543784141596,4.8015954398829885e-11,2.8809572639297934e-10
mse_de20,all,GCP-Mamba,Linear (PCA),561,-0.025453826554374198,3.935795801861871e-18,3.935795801861871e-17
mse_de20,all,GCP-Mamba,Linear (ctrl emb.),561,-0.051329228371109314,1.3776833114849798e-46,1.5154516426334778e-45
mse_de20,all,GCP-Mamba,GCP-Mamba (Delta only),561,0.0003447160124778999,0.60374821032156,1.0
mse_de20,all,GCP-Mamba,"GCP-Mamba (Delta only, w_c~N(0,1))",561,-0.000214308500289917,0.823945326595638,1.0
mse_de20,all,GCP-Mamba,GCP-Mamba (perm. graph),561,-0.007603287696838379,1.94447217890836e-13,1.750024961017524e-12
mse_de20,all,GCP-Mamba,GCP-Mamba (random order),561,0.0029357485473156045,0.037947534488126634,0.1393271405655319
mse_de20,all,GCP-Mamba,Mamba (no graph),561,0.0014500245451927046,0.03483178514138297,0.1393271405655319
mse_de20,all,GCP-Mamba,Graph-MLP (no scan),561,-0.003430875018239101,8.959336408059115e-05,0.00044796682040295575
mse_de20,all,GCP-Mamba,GCP-Mamba (additive prior),561,0.0180610790848732,1.7831389110657604e-11,1.2481972377460322e-10
mse_de20,all,GCP-Mamba,Mamba (additive prior),561,0.0187373384833336,1.2981624525686859e-11,1.0385299620549487e-10
mse_de20,unseen_single,GCP-Mamba,No change,185,-0.0632996559143067,2.07495413019968e-21,2.6974403692595838e-20
mse_de20,unseen_single,GCP-Mamba,Train mean,185,-0.0034620827063919007,0.007798681804184286,0.03899340902092143
mse_de20,unseen_single,GCP-Mamba,Additive,185,-0.005068480968475286,2.952163025116449e-05,0.0002952163025116449
mse_de20,unseen_single,GCP-Mamba,Linear (PCA),185,-0.0022413733249100967,0.08492185738163523,0.24392068089960062
mse_de20,unseen_single,GCP-Mamba,Linear (ctrl emb.),185,-0.0033951437397267137,0.001601469612634654,0.012811756901077232
mse_de20,unseen_single,GCP-Mamba,GCP-Mamba (Delta only),185,-0.0009205341339111051,0.1395725346068897,0.24392068089960062
mse_de20,unseen_single,GCP-Mamba,"GCP-Mamba (Delta only, w_c~N(0,1))",185,-0.004146566614508601,3.492276358808928e-05,0.00031430487229280353
mse_de20,unseen_single,GCP-Mamba,GCP-Mamba (perm. graph),185,-0.0016969889402389943,0.002881211413852687,0.017287268483116125
mse_de20,unseen_single,GCP-Mamba,GCP-Mamba (random order),185,-0.0016890317201614102,0.060980170224900154,0.24392068089960062
mse_de20,unseen_single,GCP-Mamba,Mamba (no graph),185,-0.003519168123602901,0.0019389801944191256,0.013572861360933879
mse_de20,unseen_single,GCP-Mamba,Graph-MLP (no scan),185,-0.0016498789191246033,0.07170765542836467,0.24392068089960062
mse_de20,unseen_single,GCP-Mamba,GCP-Mamba (additive prior),185,-0.005414377897977794,1.396553395927356e-05,0.00016758640751128273
mse_de20,unseen_single,GCP-Mamba,Mamba (additive prior),185,-0.005003526806831388,1.846375140508065e-05,0.00020310126545588714
mse_de20,combo_seen0,GCP-Mamba,No change,32,-0.22664370387792587,6.379559636116028e-08,8.293427526950836e-07
mse_de20,combo_seen0,GCP-Mamba,Train mean,32,-0.06723255477845669,0.0041310470551252365,0.041310470551252365
mse_de20,combo_seen0,GCP-Mamba,Additive,32,-0.0016691908240318715,0.8609301364049315,1.0
mse_de20,combo_seen0,GCP-Mamba,Linear (PCA),32,-0.05598732483996675,0.003615216352045536,0.039767379872500896
mse_de20,combo_seen0,GCP-Mamba,Linear (ctrl emb.),32,-0.054822246323162654,0.0027503338642418385,0.03300400637090206
mse_de20,combo_seen0,GCP-Mamba,GCP-Mamba (Delta only),32,-0.01728249341249465,0.14905756385996938,1.0
mse_de20,combo_seen0,GCP-Mamba,"GCP-Mamba (Delta only, w_c~N(0,1))",32,-0.013428714126348558,0.4653229475952685,1.0
mse_de20,combo_seen0,GCP-Mamba,GCP-Mamba (perm. graph),32,-0.014959035441279408,0.030921863857656717,0.27829677471891046
mse_de20,combo_seen0,GCP-Mamba,GCP-Mamba (random order),32,0.004433687776327057,0.637883335351944,1.0
mse_de20,combo_seen0,GCP-Mamba,Mamba (no graph),32,-0.010351404547691408,0.23122967779636383,1.0
mse_de20,combo_seen0,GCP-Mamba,Graph-MLP (no scan),32,-0.005749754607677449,0.18378333235159516,1.0
mse_de20,combo_seen0,GCP-Mamba,GCP-Mamba (additive prior),32,-0.0012102425098418912,0.8464598199352622,1.0
mse_de20,combo_seen0,GCP-Mamba,Mamba (additive prior),32,-0.004775792360305772,0.9632332162000239,1.0
mse_de20,combo_seen1,GCP-Mamba,No change,254,-0.28373080119490623,2.410433758100218e-40,3.1335638855302835e-39
mse_de20,combo_seen1,GCP-Mamba,Train mean,254,-0.10420790314674377,3.8163783974313535e-30,4.579654076917624e-29
mse_de20,combo_seen1,GCP-Mamba,Additive,254,0.045969747938215795,1.2741090397232025e-14,1.019287231778562e-13
mse_de20,combo_seen1,GCP-Mamba,Linear (PCA),254,-0.051652431214396,3.558251764764149e-11,2.490776235334904e-10
mse_de20,combo_seen1,GCP-Mamba,Linear (ctrl emb.),254,-0.09319848222651304,2.4045462533607822e-29,2.6450008786968605e-28
mse_de20,combo_seen1,GCP-Mamba,GCP-Mamba (Delta only),254,0.002613731659948798,0.29850458890737586,0.39376008909662463
mse_de20,combo_seen1,GCP-Mamba,"GCP-Mamba (Delta only, w_c~N(0,1))",254,0.0028042942285537997,0.19688004454831232,0.39376008909662463
mse_de20,combo_seen1,GCP-Mamba,GCP-Mamba (perm. graph),254,-0.011528167873620994,5.1451853037894875e-09,3.0871111822736923e-08
mse_de20,combo_seen1,GCP-Mamba,GCP-Mamba (random order),254,0.005781233310699456,0.013364549382001937,0.05345819752800775
mse_de20,combo_seen1,GCP-Mamba,Mamba (no graph),254,0.0051828399300575395,0.0038595167469674617,0.01929758373483731
mse_de20,combo_seen1,GCP-Mamba,Graph-MLP (no scan),254,-0.0035701915621757993,0.054087066937955994,0.16226120081386797
mse_de20,combo_seen1,GCP-Mamba,GCP-Mamba (additive prior),254,0.052684217691421495,2.9574403378770196e-15,2.6616963040893175e-14
mse_de20,combo_seen1,GCP-Mamba,Mamba (additive prior),254,0.050526693463325494,1.2683196454301494e-15,1.2683196454301494e-14
mse_de20,combo_seen2,GCP-Mamba,No change,90,-0.4091135170310737,1.7437900167092118e-16,2.2669270217219754e-15
mse_de20,combo_seen2,GCP-Mamba,Train mean,90,-0.2289057821035385,1.9945724345134995e-16,2.3934869214161993e-15
mse_de20,combo_seen2,GCP-Mamba,Additive,90,0.0674803729634732,1.3645756959802496e-10,1.3645756959802496e-09
mse_de20,combo_seen2,GCP-Mamba,Linear (PCA),90,-0.055028479271262414,6.791118753816901e-07,4.7537831276718305e-06
mse_de20,combo_seen2,GCP-Mamba,Linear (ctrl emb.),90,-0.1806163156551957,1.6007258772434623e-14,1.7607984649678086e-13
mse_de20,combo_seen2,GCP-Mamba,GCP-Mamba (Delta only),90,0.008821215480566049,0.02675727270350241,0.02675727270350241
mse_de20,combo_seen2,GCP-Mamba,"GCP-Mamba (Delta only, w_c~N(0,1))",90,0.011493224650621355,0.000366673628300808,0.00183336814150404
mse_de20,combo_seen2,GCP-Mamba,GCP-Mamba (perm. graph),90,-0.008025001734495163,0.007148715126833073,0.014297430253666145
mse_de20,combo_seen2,GCP-Mamba,GCP-Mamba (random order),90,0.012829389423131953,0.0007198361308998973,0.0024125932620037245
mse_de20,combo_seen2,GCP-Mamba,Mamba (no graph),90,0.0169253014028072,1.3267679910666617e-05,7.96060794639997e-05
mse_de20,combo_seen2,GCP-Mamba,Graph-MLP (no scan),90,-0.022329548373818453,0.0006031483155009311,0.0024125932620037245
mse_de20,combo_seen2,GCP-Mamba,GCP-Mamba (additive prior),90,0.0662736794911325,3.779518365395563e-10,3.0236146923164503e-09
mse_de20,combo_seen2,GCP-Mamba,Mamba (additive prior),90,0.0661852452903986,1.438604223714968e-10,1.3645756959802496e-09
pearson_delta_de20,all,GCP-Mamba,Train mean,561,0.04538869857788086,6.933659252775298e-23,8.320391103330358e-22
pearson_delta_de20,all,GCP-Mamba,Additive,561,-0.015576481819152721,0.0002625893236915776,0.001312946618457888
pearson_delta_de20,all,GCP-Mamba,Linear (PCA),561,0.010288880014388435,0.00013683943911702452,0.0008210366347021471
pearson_delta_de20,all,GCP-Mamba,Linear (ctrl emb.),561,0.02699786435714968,3.4549109152060664e-15,3.454910915206066e-14
pearson_delta_de20,all,GCP-Mamba,GCP-Mamba (Delta only),561,-0.0012744665145874023,0.4070472918913154,1.0
pearson_delta_de20,all,GCP-Mamba,"GCP-Mamba (Delta only, w_c~N(0,1))",561,-0.001219332218170166,0.251491487295912,1.0
pearson_delta_de20,all,GCP-Mamba,GCP-Mamba (perm. graph),561,0.010182857513427734,1.2986309565506836e-15,1.428494052205752e-14
pearson_delta_de20,all,GCP-Mamba,GCP-Mamba (random order),561,-0.002146303653716819,0.6444546374222255,1.0
pearson_delta_de20,all,GCP-Mamba,Mamba (no graph),561,-0.0028673410415649414,0.9830710026970959,1.0
pearson_delta_de20,all,GCP-Mamba,Graph-MLP (no scan),561,0.007820188999175914,2.343788849800678e-05,0.00018750310798405423
pearson_delta_de20,all,GCP-Mamba,GCP-Mamba (additive prior),561,-0.01693844795227062,2.065244505519327e-05,0.00018587200549673941
pearson_delta_de20,all,GCP-Mamba,Mamba (additive prior),561,-0.015260398387909158,3.288134668196296e-05,0.00023016942677374073
pearson_delta_de20,unseen_single,GCP-Mamba,Train mean,185,0.017080366611480713,0.0052781477975056765,0.052781477975056765
pearson_delta_de20,unseen_single,GCP-Mamba,Additive,185,0.012361466884612926,0.015171519725894722,0.12137215780715778
pearson_delta_de20,unseen_single,GCP-Mamba,Linear (PCA),185,0.01698646633854295,0.024231407065072607,0.15230289429977392
pearson_delta_de20,unseen_single,GCP-Mamba,Linear (ctrl emb.),185,0.0210293911144655,0.0022057589508818858,0.024263348459700743
pearson_delta_de20,unseen_single,GCP-Mamba,GCP-Mamba (Delta only),185,0.009442463517188998,0.06873381729822098,0.16240983871603268
pearson_delta_de20,unseen_single,GCP-Mamba,"GCP-Mamba (Delta only, w_c~N(0,1))",185,0.0033495426177978516,0.02175755632853913,0.15230289429977392
pearson_delta_de20,unseen_single,GCP-Mamba,GCP-Mamba (perm. graph),185,0.012094590812921503,4.376818534234271e-05,0.0005252182241081125
pearson_delta_de20,unseen_single,GCP-Mamba,GCP-Mamba (random order),185,0.005241692066192627,0.15969848301506417,0.16240983871603268
pearson_delta_de20,unseen_single,GCP-Mamba,Mamba (no graph),185,0.015213489532470703,0.02723081150814525,0.15230289429977392
pearson_delta_de20,unseen_single,GCP-Mamba,Graph-MLP (no scan),185,0.008198320865631104,0.054136612905344224,0.16240983871603268
pearson_delta_de20,unseen_single,GCP-Mamba,GCP-Mamba (additive prior),185,0.012147307395934948,0.02449170974891594,0.15230289429977392
pearson_delta_de20,unseen_single,GCP-Mamba,Mamba (additive prior),185,0.014241099357604758,0.007641350776918535,0.06877215699226681
pearson_delta_de20,combo_seen0,GCP-Mamba,Train mean,32,0.0031232535839081366,0.8033682219684124,1.0
pearson_delta_de20,combo_seen0,GCP-Mamba,Additive,32,0.011596947908401434,0.7608502637594938,1.0
pearson_delta_de20,combo_seen0,GCP-Mamba,Linear (PCA),32,-0.0024813602519832,0.8754460029304028,1.0
pearson_delta_de20,combo_seen0,GCP-Mamba,Linear (ctrl emb.),32,-0.010777626741383328,0.6511482996866107,1.0
pearson_delta_de20,combo_seen0,GCP-Mamba,GCP-Mamba (Delta only),32,0.01618820428848272,0.4319446589797735,1.0
pearson_delta_de20,combo_seen0,GCP-Mamba,"GCP-Mamba (Delta only, w_c~N(0,1))",32,0.0069924890995025635,0.3498368663713336,1.0
pearson_delta_de20,combo_seen0,GCP-Mamba,GCP-Mamba (perm. graph),32,0.015891760587692205,0.025270413141697645,0.30324495770037174
pearson_delta_de20,combo_seen0,GCP-Mamba,GCP-Mamba (random order),32,0.0004445016384125311,0.4319446589797735,1.0
pearson_delta_de20,combo_seen0,GCP-Mamba,Mamba (no graph),32,0.008610427379608154,0.774951814673841,1.0
pearson_delta_de20,combo_seen0,GCP-Mamba,Graph-MLP (no scan),32,0.00319787859916687,0.6116922060027719,1.0
pearson_delta_de20,combo_seen0,GCP-Mamba,GCP-Mamba (additive prior),32,-0.0011121630668640692,0.8320396803319454,1.0
pearson_delta_de20,combo_seen0,GCP-Mamba,Mamba (additive prior),32,-0.002306997776031494,0.8320396803319454,1.0
pearson_delta_de20,combo_seen1,GCP-Mamba,Train mean,254,0.053220242261886486,1.5055037978466522e-14,1.8066045574159828e-13
pearson_delta_de20,combo_seen1,GCP-Mamba,Additive,254,-0.02162784337997431,2.6022661454170616e-06,1.821586301791943e-05
pearson_delta_de20,combo_seen1,GCP-Mamba,Linear (PCA),254,0.013567923040223806,0.004823295531022659,0.028939773186135956
pearson_delta_de20,combo_seen1,GCP-Mamba,Linear (ctrl emb.),254,0.03165749509699073,3.813298452539857e-11,4.1946282977938427e-10
pearson_delta_de20,combo_seen1,GCP-Mamba,GCP-Mamba (Delta only),254,-0.0018301606178284247,0.9942135132726312,1.0
pearson_delta_de20,combo_seen1,GCP-Mamba,"GCP-Mamba (Delta only, w_c~N(0,1))",254,-0.0005203783512115479,0.546075419830924,1.0
pearson_delta_de20,combo_seen1,GCP-Mamba,GCP-Mamba (perm. graph),254,0.010501921176910345,4.756903322259764e-08,4.756903322259764e-07
pearson_delta_de20,combo_seen1,GCP-Mamba,GCP-Mamba (random order),254,-0.002371013164520208,0.8447561993025159,1.0
pearson_delta_de20,combo_seen1,GCP-Mamba,Mamba (no graph),254,-0.004743516445159857,0.3138274686844881,1.0
pearson_delta_de20,combo_seen1,GCP-Mamba,Graph-MLP (no scan),254,0.007143199443817083,0.018211994989259482,0.09105997494629742
pearson_delta_de20,combo_seen1,GCP-Mamba,GCP-Mamba (additive prior),254,-0.022168338298797663,4.249063726149508e-07,3.3992509809196066e-06
pearson_delta_de20,combo_seen1,GCP-Mamba,Mamba (additive prior),254,-0.020978748798370306,2.756817716462985e-07,2.4811359448166865e-06
pearson_delta_de20,combo_seen2,GCP-Mamba,Train mean,90,0.06881320476531988,5.38266009217142e-14,6.459192110605703e-13
pearson_delta_de20,combo_seen2,GCP-Mamba,Additive,90,-0.03334510326385487,5.015750096309891e-10,4.514175086678902e-09
pearson_delta_de20,combo_seen2,GCP-Mamba,Linear (PCA),90,0.007369852705067403,0.05269571545997299,0.09061568308663438
pearson_delta_de20,combo_seen2,GCP-Mamba,Linear (ctrl emb.),90,0.03821741836124509,3.815146604580991e-06,3.052117283664793e-05
pearson_delta_de20,combo_seen2,GCP-Mamba,GCP-Mamba (Delta only),90,-0.009917646646499745,0.04530784154331719,0.09061568308663438
pearson_delta_de20,combo_seen2,GCP-Mamba,"GCP-Mamba (Delta only, w_c~N(0,1))",90,-0.005414545536041315,0.001733588416146083,0.005481019709743757
pearson_delta_de20,combo_seen2,GCP-Mamba,GCP-Mamba (perm. graph),90,0.009006142616271973,0.00010238401678946157,0.000716688117526231
pearson_delta_de20,combo_seen2,GCP-Mamba,GCP-Mamba (random order),90,-0.007244050502777044,0.00021238910419833055,0.0010619455209916527
pearson_delta_de20,combo_seen2,GCP-Mamba,Mamba (no graph),90,-0.010243386030197088,0.0013702549274359392,0.005481019709743757
pearson_delta_de20,combo_seen2,GCP-Mamba,Graph-MLP (no scan),90,0.010522097349166926,0.00016710929176511869,0.001002655750590712
pearson_delta_de20,combo_seen2,GCP-Mamba,GCP-Mamba (additive prior),90,-0.03525593876838673,9.92561325735235e-11,9.92561325735235e-10
pearson_delta_de20,combo_seen2,GCP-Mamba,Mamba (additive prior),90,-0.03529378771781927,7.599761264117489e-11,8.359737390529238e-10
