seed,model,param,norm
1,"GCP-Mamba (Delta only, w_c~N(0,1))",layers.0.fwd.w_c,6.706615447998047
1,"GCP-Mamba (Delta only, w_c~N(0,1))",layers.0.bwd.w_c,4.923971652984619
1,"GCP-Mamba (Delta only, w_c~N(0,1))",layers.1.fwd.w_c,5.728478908538818
1,"GCP-Mamba (Delta only, w_c~N(0,1))",layers.1.bwd.w_c,6.746090888977051
2,"GCP-Mamba (Delta only, w_c~N(0,1))",layers.0.fwd.w_c,4.890710830688477
2,"GCP-Mamba (Delta only, w_c~N(0,1))",layers.0.bwd.w_c,6.388434886932373
2,"GCP-Mamba (Delta only, w_c~N(0,1))",layers.1.fwd.w_c,6.084226608276367
2,"GCP-Mamba (Delta only, w_c~N(0,1))",layers.1.bwd.w_c,5.825274467468262
3,"GCP-Mamba (Delta only, w_c~N(0,1))",layers.0.fwd.w_c,6.95165491104126
3,"GCP-Mamba (Delta only, w_c~N(0,1))",layers.0.bwd.w_c,5.962779998779297
3,"GCP-Mamba (Delta only, w_c~N(0,1))",layers.1.fwd.w_c,5.1749267578125
3,"GCP-Mamba (Delta only, w_c~N(0,1))",layers.1.bwd.w_c,4.808698654174805
4,"GCP-Mamba (Delta only, w_c~N(0,1))",layers.0.fwd.w_c,6.368094444274902
4,"GCP-Mamba (Delta only, w_c~N(0,1))",layers.0.bwd.w_c,6.091183662414551
4,"GCP-Mamba (Delta only, w_c~N(0,1))",layers.1.fwd.w_c,5.907103061676025
4,"GCP-Mamba (Delta only, w_c~N(0,1))",layers.1.bwd.w_c,3.259509325027466
5,"GCP-Mamba (Delta only, w_c~N(0,1))",layers.0.fwd.w_c,6.793985366821289
5,"GCP-Mamba (Delta only, w_c~N(0,1))",layers.0.bwd.w_c,5.709985733032227
5,"GCP-Mamba (Delta only, w_c~N(0,1))",layers.1.fwd.w_c,6.160078048706055
5,"GCP-Mamba (Delta only, w_c~N(0,1))",layers.1.bwd.w_c,5.384200572967529
1,GCP-Mamba (additive prior),layers.0.fwd.w_c,0.0031066935043781996
1,GCP-Mamba (additive prior),layers.0.bwd.w_c,0.0046113114804029465
1,GCP-Mamba (additive prior),layers.1.fwd.w_c,0.007062596268951893
1,GCP-Mamba (additive prior),layers.1.bwd.w_c,0.009404649958014488
2,GCP-Mamba (additive prior),layers.0.fwd.w_c,0.007985888980329037
2,GCP-Mamba (additive prior),layers.0.bwd.w_c,0.002337732817977667
2,GCP-Mamba (additive prior),layers.1.fwd.w_c,0.006506151985377073
2,GCP-Mamba (additive prior),layers.1.bwd.w_c,0.011593769304454327
3,GCP-Mamba,layers.0.fwd.w_c,0.5362085103988647
3,GCP-Mamba,layers.0.bwd.w_c,0.632806658744812
3,GCP-Mamba,layers.1.fwd.w_c,0.4677811861038208
3,GCP-Mamba,layers.1.bwd.w_c,0.584021806716919
3,GCP-Mamba (additive prior),layers.0.fwd.w_c,0.009314335882663727
3,GCP-Mamba (additive prior),layers.0.bwd.w_c,0.002374435542151332
3,GCP-Mamba (additive prior),layers.1.fwd.w_c,0.008663421496748924
3,GCP-Mamba (additive prior),layers.1.bwd.w_c,0.00785720907151699
4,GCP-Mamba (additive prior),layers.0.fwd.w_c,0.018595531582832336
4,GCP-Mamba (additive prior),layers.0.bwd.w_c,0.012587813660502434
4,GCP-Mamba (additive prior),layers.1.fwd.w_c,0.017056459560990334
4,GCP-Mamba (additive prior),layers.1.bwd.w_c,0.09341210871934891
5,GCP-Mamba (Delta only),layers.0.fwd.w_c,0.0728549137711525
5,GCP-Mamba (Delta only),layers.0.bwd.w_c,0.07263423502445221
5,GCP-Mamba (Delta only),layers.1.fwd.w_c,0.06589449942111969
5,GCP-Mamba (Delta only),layers.1.bwd.w_c,0.05860288068652153
5,GCP-Mamba (perm. graph),layers.0.fwd.w_c,0.017323728650808334
5,GCP-Mamba (perm. graph),layers.0.bwd.w_c,0.013694102875888348
5,GCP-Mamba (perm. graph),layers.1.fwd.w_c,0.01620887964963913
5,GCP-Mamba (perm. graph),layers.1.bwd.w_c,0.00957472063601017
5,GCP-Mamba (random order),layers.0.fwd.w_c,0.183760404586792
5,GCP-Mamba (random order),layers.0.bwd.w_c,0.4013470411300659
5,GCP-Mamba (random order),layers.1.fwd.w_c,0.39594367146492004
5,GCP-Mamba (random order),layers.1.bwd.w_c,0.22615715861320496
5,GCP-Mamba (additive prior),layers.0.fwd.w_c,0.016921959817409515
5,GCP-Mamba (additive prior),layers.0.bwd.w_c,0.0073432656936347485
5,GCP-Mamba (additive prior),layers.1.fwd.w_c,0.016543591395020485
5,GCP-Mamba (additive prior),layers.1.bwd.w_c,0.008810893632471561
