model,seed,gi_r2
Additive,1,-1.4093479284078478
Additive,2,-0.20558267665606578
Additive,3,-0.5963339088184862
Additive,4,-0.9378139349813743
Additive,5,-0.6657828323359269
GCP-Mamba,1,-3.757514536126971
GCP-Mamba,2,-1.5221566008236924
GCP-Mamba,3,-1.3288530780730547
GCP-Mamba,4,-3.417009388865554
GCP-Mamba,5,-2.6404320237465924
GCP-Mamba (Delta only),1,-2.0129998435193603
GCP-Mamba (Delta only),2,-1.1568831423353734
GCP-Mamba (Delta only),3,-1.5667687167809765
GCP-Mamba (Delta only),4,-1.9014750931672153
GCP-Mamba (Delta only),5,-3.6683076694857144
"GCP-Mamba (Delta only, w_c~N(0,1))",1,-1.9570325734393892
"GCP-Mamba (Delta only, w_c~N(0,1))",2,-1.6681934309689543
"GCP-Mamba (Delta only, w_c~N(0,1))",3,-1.65069990289469
"GCP-Mamba (Delta only, w_c~N(0,1))",4,-2.634059274832805
"GCP-Mamba (Delta only, w_c~N(0,1))",5,-2.2867528497826117
GCP-Mamba (additive prior),1,-1.352820998693705
GCP-Mamba (additive prior),2,-0.17038251062166498
GCP-Mamba (additive prior),3,-0.5704659223702122
GCP-Mamba (additive prior),4,-1.0948272180352898
GCP-Mamba (additive prior),5,-0.6566361657960824
GCP-Mamba (perm. graph),1,-3.6355060977025717
GCP-Mamba (perm. graph),2,-1.5498919805788534
GCP-Mamba (perm. graph),3,-1.4048494355262329
GCP-Mamba (perm. graph),4,-3.2344996237618826
GCP-Mamba (perm. graph),5,-6.6696820268193235
GCP-Mamba (random order),1,-3.0432525358339237
GCP-Mamba (random order),2,-0.5687137944099772
GCP-Mamba (random order),3,-1.638026874280575
GCP-Mamba (random order),4,-2.6037671802421465
GCP-Mamba (random order),5,-2.672718443343666
Graph-MLP (no scan),1,-4.81040698422091
Graph-MLP (no scan),2,-1.1556901734915064
Graph-MLP (no scan),3,-2.3832355979300144
Graph-MLP (no scan),4,-2.4108638885325826
Graph-MLP (no scan),5,-4.074832239150964
Linear (PCA),1,-6.793131317576085
Linear (PCA),2,-3.1308418899755903
Linear (PCA),3,-5.619071798115911
Linear (PCA),4,-4.735134636555134
Linear (PCA),5,-3.691295096119891
Linear (ctrl emb.),1,-8.87528110700187
Linear (ctrl emb.),2,-6.855625791268294
Linear (ctrl emb.),3,-8.222215664977123
Linear (ctrl emb.),4,-4.588923794026634
Linear (ctrl emb.),5,-6.589305372329869
Mamba (additive prior),1,-1.3520553812494023
Mamba (additive prior),2,-0.15375588304840293
Mamba (additive prior),3,-0.584598935098886
Mamba (additive prior),4,-1.058116358502256
Mamba (additive prior),5,-0.6464868472181462
Mamba (no graph),1,-2.0117885277331267
Mamba (no graph),2,-1.1568088714353184
Mamba (no graph),3,-1.5278526654956162
Mamba (no graph),4,-1.921875734313975
Mamba (no graph),5,-2.336367867906917
No change,1,-12.668279094118287
No change,2,-11.682212689819936
No change,3,-11.933406007370358
No change,4,-12.976561692280875
No change,5,-9.70535357531176
Train mean,1,-9.880823714945462
Train mean,2,-7.69763877233121
Train mean,3,-9.195041412444535
Train mean,4,-8.758292575078901
Train mean,5,-7.140275353166032
